"Date","David_Seconds","Ryan_Seconds","David_Was_Capped","Ryan_Was_Capped","Log_Ratio","Capped_Winner"
2025-12-01,220,306,FALSE,FALSE,-0.329957555600019,"David"
2025-12-02,254,1008,FALSE,FALSE,-1.37838918161278,"David"
2025-12-03,403,98,FALSE,FALSE,1.41396908327611,"Ryan"
2025-12-04,202,115,FALSE,FALSE,0.563335569037955,"Ryan"
2025-12-05,48,84,FALSE,FALSE,-0.559615787935423,"David"
2025-12-06,634,218,FALSE,FALSE,1.06755389164814,"Ryan"
2025-12-07,128,113,FALSE,FALSE,0.124642445207277,"Ryan"
2025-12-08,489,219,FALSE,FALSE,0.803290759658371,"Ryan"
2025-12-09,1107,448,FALSE,FALSE,0.904615700293652,"Ryan"
2025-12-10,143,224,FALSE,FALSE,-0.448801421595133,"David"
2025-12-11,56,175,FALSE,FALSE,-1.13943428318836,"David"
2025-12-12,119,42,FALSE,FALSE,1.04145387482816,"Ryan"
2025-12-13,54,108,FALSE,FALSE,-0.693147180559945,"David"
2025-12-14,232,524,FALSE,FALSE,-0.814754312654732,"David"
2025-12-15,693,97,FALSE,FALSE,1.96631902068652,"Ryan"
2025-12-16,99,136,FALSE,FALSE,-0.317535035601462,"David"
2025-12-17,76,61,FALSE,FALSE,0.21985947611302,"Ryan"
2025-12-18,117,69,FALSE,FALSE,0.528067430200497,"Ryan"
2025-12-19,483,370,FALSE,FALSE,0.266513648014303,"Ryan"
2025-12-20,100,93,FALSE,FALSE,0.0725706928348354,"Ryan"
2025-12-21,92,136,FALSE,FALSE,-0.390866308687012,"David"
2025-12-22,292,880,FALSE,FALSE,-1.10316810520397,"David"
2025-12-23,109,117,FALSE,FALSE,-0.0708260525686124,"David"
2025-12-24,467,342,FALSE,FALSE,0.311518520606292,"Ryan"
2025-12-25,61,84,FALSE,FALSE,-0.319942934670002,"David"
2025-12-26,241,238,FALSE,FALSE,0.0125262598191803,"Ryan"
2025-12-27,421,355,FALSE,FALSE,0.170515044206966,"Ryan"
2025-12-28,674,1153,FALSE,FALSE,-0.536892409356752,"David"
2025-12-29,137,442,FALSE,FALSE,-1.17132895624957,"David"
2025-12-30,177,250,FALSE,FALSE,-0.345311185288417,"David"
2025-12-31,72,98,FALSE,FALSE,-0.308301359654517,"David"
2026-01-01,44,78,FALSE,FALSE,-0.572519192771331,"David"
2026-01-02,341,138,FALSE,FALSE,0.904628792126312,"Ryan"
2026-01-03,179,490,FALSE,FALSE,-1.00701958526392,"David"
2026-01-04,268,92,FALSE,FALSE,1.06919840346182,"Ryan"
2026-01-05,732,447,FALSE,FALSE,0.493221919347743,"Ryan"
2026-01-06,188,97,FALSE,FALSE,0.661730984326566,"Ryan"
2026-01-07,239,323,FALSE,FALSE,-0.301188771291146,"David"
2026-01-08,428,196,FALSE,FALSE,0.78100853635128,"Ryan"
2026-01-09,687,305,FALSE,FALSE,0.812022515614938,"Ryan"
2026-01-10,727,391,FALSE,FALSE,0.620218917548154,"Ryan"
2026-01-11,738,562,FALSE,FALSE,0.272441974706781,"Ryan"
2026-01-12,508,136,FALSE,FALSE,1.31782656184243,"Ryan"
2026-01-13,95,443,FALSE,FALSE,-1.5396928784446,"David"
2026-01-14,328,224,FALSE,FALSE,0.381367556529104,"Ryan"
2026-01-15,130,63,FALSE,FALSE,0.72439972406405,"Ryan"
2026-01-16,72,553,FALSE,FALSE,-2.03869188250628,"David"
2026-01-17,326,461,FALSE,FALSE,-0.346500661629941,"David"
2026-01-18,212,335,FALSE,FALSE,-0.457544257153054,"David"
2026-01-19,252,48,FALSE,FALSE,1.65822807660353,"Ryan"
2026-01-20,792,235,FALSE,FALSE,1.21497587767027,"Ryan"
2026-01-21,112,251,FALSE,FALSE,-0.806954067836689,"David"
2026-01-22,271,112,FALSE,FALSE,0.883619949584606,"Ryan"
2026-01-23,515,115,FALSE,FALSE,1.49923477230049,"Ryan"
2026-01-24,93,895,FALSE,FALSE,-2.2642242251216,"David"
2026-01-25,113,394,FALSE,FALSE,-1.24896309058559,"David"
2026-01-26,62,1200,FALSE,TRUE,-2.962942450731,"David"
2026-01-27,481,157,FALSE,FALSE,1.11962146475745,"Ryan"
2026-01-28,440,424,FALSE,FALSE,0.0370412716803491,"Ryan"
2026-01-29,490,95,FALSE,FALSE,1.64052849950413,"Ryan"
2026-01-30,90,241,FALSE,FALSE,-0.98498726316039,"David"
2026-01-31,223,329,FALSE,FALSE,-0.388885979305253,"David"
2026-02-01,947,934,FALSE,FALSE,0.0138226549572357,"Ryan"
2026-02-02,1200,464,TRUE,FALSE,0.950192283549836,"Ryan"
2026-02-03,208,113,FALSE,FALSE,0.610150260988977,"Ryan"
2026-02-04,577,287,FALSE,FALSE,0.698360050748479,"Ryan"
2026-02-05,153,351,FALSE,FALSE,-0.83034830207343,"David"
2026-02-06,744,598,FALSE,FALSE,0.21845028088246,"Ryan"
2026-02-07,219,36,FALSE,FALSE,1.80555279136039,"Ryan"
2026-02-08,341,170,FALSE,FALSE,0.696084040233255,"Ryan"
2026-02-09,1200,569,TRUE,FALSE,0.746196401649761,"Ryan"
2026-02-10,333,1073,FALSE,FALSE,-1.17007125265025,"David"
2026-02-11,929,462,FALSE,FALSE,0.6985438477321,"Ryan"
2026-02-12,173,735,FALSE,FALSE,-1.44657890471506,"David"
2026-02-13,259,172,FALSE,FALSE,0.409333584886085,"Ryan"
2026-02-14,38,88,FALSE,FALSE,-0.839750654751821,"David"
2026-02-15,615,207,FALSE,FALSE,1.08890347454115,"Ryan"
2026-02-16,234,300,FALSE,FALSE,-0.2484613592985,"David"
2026-02-17,547,411,FALSE,FALSE,0.285855587925747,"Ryan"
2026-02-18,1200,1200,TRUE,TRUE,0,"Tie"
2026-02-19,131,68,FALSE,FALSE,0.655689618025045,"Ryan"
2026-02-20,192,421,FALSE,FALSE,-0.7851374616546,"David"
2026-02-21,216,338,FALSE,FALSE,-0.447767487798854,"David"
2026-02-22,197,546,FALSE,FALSE,-1.01941524700692,"David"
2026-02-23,391,220,FALSE,FALSE,0.575080013633004,"Ryan"
2026-02-24,216,313,FALSE,FALSE,-0.370924782855988,"David"
2026-02-25,119,215,FALSE,FALSE,-0.591514535016133,"David"
2026-02-26,75,522,FALSE,FALSE,-1.94017947434633,"David"
2026-02-27,121,182,FALSE,FALSE,-0.408216141480054,"David"
2026-02-28,76,89,FALSE,FALSE,-0.157903029445809,"David"
2026-03-01,109,215,FALSE,FALSE,-0.679290145898519,"David"
2026-03-02,268,445,FALSE,FALSE,-0.507087301655384,"David"
2026-03-03,447,334,FALSE,FALSE,0.291417601636868,"Ryan"
2026-03-04,277,379,FALSE,FALSE,-0.313518698895088,"David"
2026-03-05,201,1071,FALSE,FALSE,-1.67304316238867,"David"
2026-03-06,85,235,FALSE,FALSE,-1.01693425765384,"David"
2026-03-08,134,201,FALSE,FALSE,-0.405465108108164,"David"
2026-03-09,804,289,FALSE,FALSE,1.02317258106653,"Ryan"
2026-03-10,533,226,FALSE,FALSE,0.857986424893559,"Ryan"
2026-03-11,91,372,FALSE,FALSE,-1.4080343477563,"David"
2026-03-12,563,470,FALSE,FALSE,0.180546933435586,"Ryan"
2026-03-13,377,152,FALSE,FALSE,0.908364666601734,"Ryan"
2026-03-14,59,59,FALSE,FALSE,0,"Tie"
2026-03-15,357,277,FALSE,FALSE,0.253718275592301,"Ryan"
2026-03-16,1200,1200,TRUE,TRUE,0,"Tie"
2026-03-17,730,856,FALSE,FALSE,-0.159225841999305,"David"
2026-03-18,294,118,FALSE,FALSE,0.912895142873017,"Ryan"
2026-03-19,625,639,FALSE,FALSE,-0.0221528046411333,"David"
2026-03-20,209,267,FALSE,FALSE,-0.244914406435438,"David"
2026-03-21,65,69,FALSE,FALSE,-0.0597192347016223,"David"
2026-03-22,113,153,FALSE,FALSE,-0.303050102680095,"David"
2026-03-23,266,509,FALSE,FALSE,-0.648951707768824,"David"
2026-03-24,1200,1200,TRUE,TRUE,0,"Tie"
2026-03-25,156,255,FALSE,FALSE,-0.491407537908889,"David"
2026-03-26,225,343,FALSE,FALSE,-0.42163004496152,"David"
2026-03-27,371,146,FALSE,FALSE,0.932595440899099,"Ryan"
2026-03-28,850,561,FALSE,FALSE,0.415515443961666,"Ryan"
2026-03-29,1077,485,FALSE,FALSE,0.797785786218905,"Ryan"
2026-03-30,391,157,FALSE,FALSE,0.912461754637058,"Ryan"
2026-03-31,380,483,FALSE,FALSE,-0.239845400932141,"David"
2026-04-01,82,691,FALSE,FALSE,-2.13142057650342,"David"
2026-04-02,280,388,FALSE,FALSE,-0.326215736454024,"David"
2026-04-03,392,172,FALSE,FALSE,0.82376736297701,"Ryan"
2026-04-04,186,190,FALSE,FALSE,-0.0212773984472849,"David"
2026-04-05,63,808,FALSE,FALSE,-2.55142733212956,"David"
2026-04-06,365,386,FALSE,FALSE,-0.0559400158823393,"David"
2026-04-07,981,1104,FALSE,FALSE,-0.118122767271678,"David"
2026-04-08,1181,363,FALSE,FALSE,1.17971398193251,"Ryan"
2026-04-09,232,804,FALSE,FALSE,-1.24286189751266,"David"
2026-04-10,153,112,FALSE,FALSE,0.311939050097341,"Ryan"
2026-04-11,119,58,FALSE,FALSE,0.71868048256511,"Ryan"
2026-04-12,286,630,FALSE,FALSE,-0.789728008565726,"David"
2026-04-13,727,31,FALSE,FALSE,3.15493927304837,"Ryan"
2026-04-14,74,74,FALSE,FALSE,0,"Tie"
2026-04-15,1136,425,FALSE,FALSE,0.98317943035668,"Ryan"
2026-04-16,1200,294,TRUE,FALSE,1.40649706843741,"Ryan"
2026-04-17,103,123,FALSE,FALSE,-0.177455367142782,"David"
2026-04-18,450,100,FALSE,FALSE,1.50407739677627,"Ryan"
2026-04-19,529,61,FALSE,FALSE,2.16011456768499,"Ryan"
2026-04-20,1104,207,FALSE,FALSE,1.67397643357167,"Ryan"
2026-04-21,188,202,FALSE,FALSE,-0.0718257345712555,"David"
2026-04-22,670,222,FALSE,FALSE,1.10460033051273,"Ryan"
2026-04-23,399,108,FALSE,FALSE,1.30683018976564,"Ryan"
2026-04-24,180,304,FALSE,FALSE,-0.524070850516011,"David"
2026-04-25,497,67,FALSE,FALSE,2.00389740670566,"Ryan"
2026-04-26,234,275,FALSE,FALSE,-0.16144998230887,"David"
2026-04-27,136,151,FALSE,FALSE,-0.104624951078872,"David"
2026-04-28,112,193,FALSE,FALSE,-0.544191317609791,"David"
2026-04-29,1200,923,TRUE,FALSE,0.26244760127324,"Ryan"
2026-04-30,346,188,FALSE,FALSE,0.609996812227775,"Ryan"
2026-05-01,723,600,FALSE,FALSE,0.186479566942618,"Ryan"
2026-05-02,215,63,FALSE,FALSE,1.22750330173613,"Ryan"
2026-05-03,595,760,FALSE,FALSE,-0.244757027734747,"David"
2026-05-04,382,707,FALSE,FALSE,-0.615610057289998,"David"
2026-05-05,749,232,FALSE,FALSE,1.17200161185091,"Ryan"
2026-05-06,612,114,FALSE,FALSE,1.68053383411783,"Ryan"
2026-05-07,1200,788,FALSE,FALSE,0.420578745918212,"Ryan"
2026-05-08,477,481,FALSE,FALSE,-0.00835077921741996,"David"
2026-05-09,197,109,FALSE,FALSE,0.591855846508845,"Ryan"
2026-05-10,901,746,FALSE,FALSE,0.188779657404577,"Ryan"
2026-05-11,842,284,FALSE,FALSE,1.08680577608112,"Ryan"
2026-05-12,157,485,FALSE,FALSE,-1.12790308558918,"David"
2026-05-13,378,286,FALSE,FALSE,0.278902384799735,"Ryan"
2026-05-14,167,287,FALSE,FALSE,-0.541488403342866,"David"
2026-05-15,442,142,FALSE,FALSE,1.13548282447644,"Ryan"
2026-05-16,108,211,FALSE,FALSE,-0.669726906351847,"David"
2026-05-17,222,284,FALSE,FALSE,-0.246296856288927,"David"
2026-05-18,171,753,FALSE,FALSE,-1.48240167129723,"David"
2026-05-19,292,149,FALSE,FALSE,0.672807496322823,"Ryan"
2026-05-20,245,260,FALSE,FALSE,-0.0594234204708008,"David"
2026-05-21,1200,538,FALSE,FALSE,0.802218275614307,"Ryan"
2026-05-22,263,390,FALSE,FALSE,-0.393992706945927,"David"
2026-05-23,510,320,FALSE,FALSE,0.466089729924599,"Ryan"
2026-05-24,140,147,FALSE,FALSE,-0.0487901641694321,"David"
2026-05-25,152,227,FALSE,FALSE,-0.401069496635126,"David"
2026-05-26,148,313,FALSE,FALSE,-0.748990916776038,"David"
2026-05-27,315,154,FALSE,FALSE,0.715620036412004,"Ryan"
2026-05-28,180,1085,FALSE,FALSE,-1.79637841508435,"David"
2026-05-29,947,276,FALSE,FALSE,1.23289822746893,"Ryan"
2026-05-30,418,639,FALSE,FALSE,-0.424423021852778,"David"
2026-05-31,296,91,FALSE,FALSE,1.17949994780721,"Ryan"
2026-06-01,330,333,FALSE,FALSE,-0.00904983551991793,"David"
2026-06-02,181,157,FALSE,FALSE,0.142251225917518,"Ryan"
2026-06-03,624,555,FALSE,FALSE,0.117182254622993,"Ryan"
2026-06-04,273,313,FALSE,FALSE,-0.136731395355193,"David"
2026-06-05,1200,259,FALSE,FALSE,1.53324877407655,"Ryan"
2026-06-06,820,105,FALSE,FALSE,2.05534399010078,"Ryan"
2026-06-07,252,103,FALSE,FALSE,0.894700099281788,"Ryan"
2026-06-08,303,137,FALSE,FALSE,0.793751879681244,"Ryan"
2026-06-09,962,372,FALSE,FALSE,0.95012059639256,"Ryan"
2026-06-10,323,304,FALSE,FALSE,0.0606246218164348,"Ryan"
2026-06-11,209,72,FALSE,FALSE,1.06566813294876,"Ryan"
2026-06-12,345,573,FALSE,FALSE,-0.50734129968338,"David"
2026-06-13,339,119,FALSE,FALSE,1.04687661426892,"Ryan"
2026-06-14,216,338,FALSE,FALSE,-0.447767487798854,"David"
2026-06-15,87,75,FALSE,FALSE,0.148420005118273,"Ryan"
2026-06-16,914,104,FALSE,FALSE,2.17343967231278,"Ryan"
2026-06-17,462,324,FALSE,FALSE,0.354821375289409,"Ryan"
2026-06-18,1037,1038,FALSE,FALSE,-0.000963855496306628,"David"
2026-06-19,1183,793,FALSE,FALSE,0.399985642343539,"Ryan"
2026-06-20,229,225,FALSE,FALSE,0.0176216013498194,"Ryan"
2026-06-21,728,287,FALSE,FALSE,0.930818832437065,"Ryan"
2026-06-22,394,213,FALSE,FALSE,0.615058743588509,"Ryan"
2026-06-23,76,50,FALSE,FALSE,0.418710334858185,"Ryan"
2026-06-24,199,216,FALSE,FALSE,-0.0819735829596726,"David"
2026-06-25,958,143,FALSE,FALSE,1.90200314771095,"Ryan"
2026-06-26,128,625,FALSE,FALSE,-1.58572138581678,"David"
2026-06-27,249,172,FALSE,FALSE,0.369958419651255,"Ryan"
2026-06-28,158,107,FALSE,FALSE,0.389766198565061,"Ryan"
2026-06-29,374,102,FALSE,FALSE,1.29928298413026,"Ryan"
2026-06-30,285,270,FALSE,FALSE,0.0540672212702758,"Ryan"
2026-07-01,63,685,FALSE,FALSE,-2.38628411187069,"David"
2026-07-02,363,154,FALSE,FALSE,0.857450231851222,"Ryan"
2026-07-03,155,271,FALSE,FALSE,-0.558693703960454,"David"
2026-07-04,180,82,FALSE,FALSE,0.786237603625957,"Ryan"
2026-07-05,600,198,FALSE,FALSE,1.10866262452161,"Ryan"
2026-07-06,285,130,FALSE,FALSE,0.784954729813068,"Ryan"
2026-07-07,267,440,FALSE,FALSE,-0.499526068512057,"David"
2026-07-08,479,375,FALSE,FALSE,0.244774571440504,"Ryan"
2026-07-09,175,224,FALSE,FALSE,-0.246860077931526,"David"
2026-07-10,204,1200,FALSE,FALSE,-1.77195684193188,"David"
2026-07-11,263,210,FALSE,FALSE,0.225046501460296,"Ryan"
2026-07-12,194,223,FALSE,FALSE,-0.139313612396791,"David"
2026-07-13,297,229,FALSE,FALSE,0.26001013524846,"Ryan"
2026-07-14,170,663,FALSE,FALSE,-1.3609765531356,"David"
2026-07-15,240,119,FALSE,FALSE,0.701515430230462,"Ryan"
2026-07-16,322,152,FALSE,FALSE,0.750671024698132,"Ryan"
2026-07-17,1055,1200,FALSE,FALSE,-0.128780789865925,"David"
2026-07-18,1200,108,FALSE,FALSE,2.40794560865187,"Ryan"
2026-07-19,1200,311,FALSE,FALSE,1.35028392359686,"Ryan"
2026-07-20,454,423,FALSE,FALSE,0.07072501899507,"Ryan"
2026-07-21,129,118,FALSE,FALSE,0.0891277798960073,"Ryan"
2026-07-22,236,1139,FALSE,FALSE,-1.57407415842157,"David"
2026-07-23,208,307,FALSE,FALSE,-0.389309667885879,"David"
2026-07-24,428,270,FALSE,FALSE,0.460701236583422,"Ryan"
2026-07-25,1200,697,FALSE,FALSE,0.543291425015568,"Ryan"
2026-07-26,1063,737,FALSE,FALSE,0.366262486152611,"Ryan"
2026-07-27,917,392,FALSE,FALSE,0.849845632466002,"Ryan"
2026-07-28,223,459,FALSE,FALSE,-0.721878438600426,"David"
2026-07-29,1200,266,FALSE,FALSE,1.50658052699439,"Ryan"
2026-07-30,216,533,FALSE,FALSE,-0.90324301648168,"David"
2026-07-31,745,717,FALSE,FALSE,0.0383083777799393,"Ryan"
2026-08-01,101,142,FALSE,FALSE,-0.340706540760001,"David"
2026-08-02,1200,433,FALSE,FALSE,1.0193391077736,"Ryan"
2026-08-03,157,1200,FALSE,FALSE,-2.03383103042778,"David"
2026-08-04,476,838,FALSE,FALSE,-0.565600246250663,"David"
2026-08-05,194,607,FALSE,FALSE,-1.14067063199617,"David"
2026-08-06,1200,536,FALSE,FALSE,0.80594267470529,"Ryan"
2026-08-07,555,321,FALSE,FALSE,0.547526990616419,"Ryan"
2026-08-08,485,565,FALSE,FALSE,-0.152676840208958,"David"
2026-08-09,1200,308,FALSE,FALSE,1.35997705280252,"Ryan"
2026-08-10,232,112,FALSE,FALSE,0.728238500371216,"Ryan"
2026-08-11,172,548,FALSE,FALSE,-1.15878081013456,"David"
2026-08-12,885,1053,FALSE,FALSE,-0.173810867126046,"David"
2026-08-13,552,601,FALSE,FALSE,-0.0850468882581123,"David"
2026-08-14,317,1200,FALSE,FALSE,-1.33117506189881,"David"
2026-08-15,184,87,FALSE,FALSE,0.749027638954402,"Ryan"
2026-08-16,1200,178,FALSE,FALSE,1.90829328548401,"Ryan"
2026-08-17,269,169,FALSE,FALSE,0.464812664678766,"Ryan"
2026-08-18,135,396,FALSE,FALSE,-1.07613943281605,"David"
2026-08-19,99,157,FALSE,FALSE,-0.461125955213718,"David"
2026-08-20,569,237,FALSE,FALSE,0.8758202929912,"Ryan"
2026-08-21,135,172,FALSE,FALSE,-0.242219698375024,"David"
2026-08-22,807,892,FALSE,FALSE,-0.100142464310061,"David"
2026-08-23,355,455,FALSE,FALSE,-0.248179629475535,"David"
2026-08-24,455,505,FALSE,FALSE,-0.104261010324409,"David"
2026-08-25,822,563,FALSE,FALSE,0.37846076691649,"Ryan"
2026-08-26,1200,1200,FALSE,FALSE,0,"Tie"
2026-08-27,1200,825,FALSE,FALSE,0.374693449441411,"Ryan"
2026-08-28,285,167,FALSE,FALSE,0.534495367851895,"Ryan"
2026-08-29,119,97,FALSE,FALSE,0.204412514608147,"Ryan"
2026-08-30,937,642,FALSE,FALSE,0.378094978548461,"Ryan"
2026-08-31,612,421,FALSE,FALSE,0.374099448829945,"Ryan"
2026-09-01,82,233,FALSE,FALSE,-1.04431920630145,"David"
2026-09-02,175,82,FALSE,FALSE,0.758066726659261,"Ryan"
2026-09-03,92,238,FALSE,FALSE,-0.950482096622434,"David"
2026-09-04,92,391,FALSE,FALSE,-1.44691898293633,"David"
2026-09-05,251,107,FALSE,FALSE,0.852624104669878,"Ryan"
2026-09-06,231,219,FALSE,FALSE,0.0533459807052927,"Ryan"
2026-09-07,214,162,FALSE,FALSE,0.278379679789467,"Ryan"
2026-09-08,157,127,FALSE,FALSE,0.212058718889717,"Ryan"
2026-09-09,143,110,FALSE,FALSE,0.262364264467491,"Ryan"
2026-09-10,62,61,FALSE,FALSE,0.0162605208717803,"Ryan"
2026-09-11,170,162,FALSE,FALSE,0.0482021018178777,"Ryan"
2026-09-12,285,481,FALSE,FALSE,-0.523378089837111,"David"
2026-09-13,286,349,FALSE,FALSE,-0.199080111382575,"David"
2026-09-14,213,122,FALSE,FALSE,0.557271120976169,"Ryan"
2026-09-15,586,623,FALSE,FALSE,-0.0612267292104405,"David"
2026-09-16,112,125,FALSE,FALSE,-0.109814866007207,"David"
2026-09-17,71,83,FALSE,FALSE,-0.156160730755283,"David"
2026-09-18,299,229,FALSE,FALSE,0.266721569836447,"Ryan"
2026-09-19,124,113,FALSE,FALSE,0.0928937468926962,"Ryan"
2026-09-20,1200,335,FALSE,FALSE,1.27594630395103,"Ryan"
2026-09-21,173,261,FALSE,FALSE,-0.411228812824914,"David"
2026-09-22,263,341,FALSE,FALSE,-0.259728445105752,"David"
2026-09-23,175,478,FALSE,FALSE,-1.00482475856794,"David"
2026-09-24,596,484,FALSE,FALSE,0.208155760348718,"Ryan"
2026-09-25,155,447,FALSE,FALSE,-1.05913347769432,"David"
2026-09-26,171,124,FALSE,FALSE,0.321381990897623,"Ryan"
2026-09-27,190,134,FALSE,FALSE,0.349184272209575,"Ryan"
2026-09-28,519,183,FALSE,FALSE,1.04241773032447,"Ryan"
2026-09-30,1200,882,FALSE,FALSE,0.3078847797693,"Ryan"
2026-10-01,270,142,FALSE,FALSE,0.642594901397114,"Ryan"
2026-10-02,498,105,FALSE,FALSE,1.55663972686713,"Ryan"
2026-10-03,723,339,FALSE,FALSE,0.757409114778314,"Ryan"
2026-10-04,433,202,FALSE,FALSE,0.762470030601285,"Ryan"
